team,Rider,Date of birth,rank_start,point_start,rank_end,point_end,Comments,Country
ALM,BAGDONAS Gediminas,26/12/1985,693.0,82.0,446.0,159.0,,LTU
ALM,BAKELANTS Jan,14/02/1986,127.0,417.0,31.0,973.0,,BEL
ALM,BARDET Romain,09/11/1990,25.0,1149.0,25.0,1071.0,,FRA
ALM,BERARD Julien,27/07/1987,482.0,132.0,721.0,80.0,,FRA
ALM,BETANCUR GOMEZ Carlos Alberto,13/10/1989,67.0,616.0,463.0,149.0,Contract until 20/08,COL
ALM,BIDARD François,19/03/1992,1541.0,17.0,1591.0,16.0,Trainee as from 1/08,FRA
ALM,BONNAFOND Guillaume,23/06/1987,794.0,67.0,993.0,45.0,,FRA
ALM,CAMPISTROUS Romain,16/07/1992,2654.0,3.0,1813.0,12.0,Trainee as from 1/08,FRA
ALM,CHEREL Mikael,17/03/1986,259.0,246.0,372.0,191.0,,FRA
ALM,DANIEL Maxime,05/06/1991,414.0,164.0,1095.0,38.0,,FRA
ALM,DENZ Nico,15/02/1994,,,1168.0,33.0,Contract from 1/08,GER
ALM,DOMONT Axel,07/08/1990,713.0,80.0,966.0,48.0,,FRA
ALM,DUMOULIN Samuel,20/08/1980,110.0,473.0,168.0,363.0,,FRA
ALM,DUPONT Hubert,13/11/1980,364.0,188.0,686.0,86.0,,FRA
ALM,GASTAUER Ben,14/11/1987,265.0,241.0,312.0,222.0,,LUX
ALM,GAUDIN Damien,20/08/1986,804.0,66.0,364.0,195.0,,FRA
ALM,GOUGEARD Alexis,05/03/1993,346.0,200.0,101.0,503.0,,FRA
ALM,GRETSCH Patrick,07/04/1987,930.0,51.0,739.0,76.0,,GER
ALM,HOULE Hugo,27/09/1990,679.0,85.0,532.0,125.0,,CAN
ALM,JAUREGUI Quentin,22/04/1994,637.0,95.0,516.0,131.0,,FRA
ALM,KADRI Blel,03/09/1986,520.0,120.0,1206.0,30.0,,FRA
ALM,LATOUR Pierre,12/10/1993,772.0,71.0,120.0,453.0,,FRA
ALM,MINARD Sébastien,12/06/1982,421.0,161.0,880.0,57.0,,FRA
ALM,MONDORY Lloyd,26/04/1982,314.0,214.0,1323.0,24.0,Contract until 31/08,FRA
ALM,MONTAGUTI Matteo,06/01/1984,283.0,231.0,202.0,325.0,,ITA
ALM,NOCENTINI Rinaldo,25/09/1977,191.0,310.0,422.0,167.0,,ITA
ALM,PERAUD Jean-Christophe,22/05/1977,16.0,1312.0,246.0,281.0,,FRA
ALM,PEREIRA Florent,19/10/1993,,,2968.0,2.0,Trainee as from 1/08,FRA
ALM,POZZOVIVO Domenico,30/11/1982,38.0,912.0,32.0,972.0,,ITA
ALM,RIBLON Christophe,17/01/1981,348.0,198.0,459.0,150.0,,FRA
ALM,TURGOT Sébastien,11/04/1984,309.0,216.0,461.0,150.0,,FRA
ALM,VANSUMMEREN Johan,04/02/1981,728.0,77.0,844.0,62.0,,BEL
ALM,VUILLERMOZ Alexis,01/06/1988,159.0,358.0,57.0,698.0,,FRA
AST,AGNOLI Valerio,06/01/1985,323.0,208.0,304.0,226.0,,ITA
AST,ARU Fabio,03/07/1990,28.0,1092.0,6.0,1756.0,,ITA
AST,AYAZBAYEV Maxat,27/01/1992,1089.0,38.0,2472.0,5.0,,KAZ
AST,BOOM Lars,30/12/1985,125.0,421.0,158.0,386.0,,NED
AST,BOZIC Borut,08/08/1980,217.0,284.0,423.0,167.0,,SLO
AST,CATALDO Dario,17/03/1985,175.0,340.0,375.0,190.0,,ITA
AST,DE VREESE Laurens,29/09/1988,378.0,180.0,561.0,116.0,,BEL
AST,DYACHENKO Alexandr,17/10/1983,478.0,134.0,,,Contract until 30/09,KAZ
AST,FOMINYKH Daniil,28/08/1991,862.0,59.0,949.0,49.0,,KAZ
AST,FUGLSANG Jakob,22/03/1985,105.0,482.0,81.0,586.0,,DEN
AST,GRIVKO Andriy,07/08/1983,286.0,230.0,222.0,307.0,,UKR
AST,GRUZDEV Dmitriy,13/03/1986,678.0,85.0,702.0,84.0,,KAZ
AST,GUARDINI Andrea,12/06/1989,214.0,289.0,129.0,439.0,,ITA
AST,KAMYSHEV Arman,14/03/1991,814.0,65.0,814.0,66.0,,KAZ
AST,KANGERT Tanel,11/03/1987,256.0,248.0,183.0,347.0,,EST
AST,KOZHATAYEV Bakhtiyar,28/03/1992,937.0,51.0,640.0,98.0,,KAZ
AST,LANDA MEANA Mikel,13/12/1989,273.0,239.0,34.0,967.0,,ESP
AST,LOPEZ MORENO Miguel Angel,04/02/1994,786.0,69.0,233.0,297.0,,COL
AST,LUTSENKO Alexey,07/09/1992,216.0,287.0,179.0,349.0,,KAZ
AST,MALACARNE Davide,11/07/1987,600.0,101.0,930.0,51.0,,ITA
AST,NIBALI Vincenzo,14/11/1984,3.0,2014.0,11.0,1496.0,,ITA
AST,ROSA Diego,27/03/1989,501.0,127.0,98.0,507.0,,ITA
AST,SANCHEZ GIL Luis Leon,24/11/1983,85.0,543.0,134.0,427.0,,ESP
AST,SCARPONI Michele,25/09/1979,279.0,234.0,121.0,452.0,,ITA
AST,TAARAMÄE Rein,24/04/1987,137.0,389.0,67.0,623.0,,EST
AST,TIRALONGO Paolo,08/07/1977,508.0,125.0,275.0,250.0,,ITA
AST,TLEUBAYEV Ruslan,07/03/1987,431.0,157.0,635.0,99.0,,KAZ
AST,VANOTTI Alessandro,16/09/1980,1120.0,35.0,989.0,45.0,,ITA
AST,WESTRA Lieuwe,11/09/1982,336.0,204.0,697.0,85.0,,NED
AST,ZEITS Andrey,14/12/1986,370.0,185.0,323.0,214.0,,KAZ
BMC,ATAPUMA HURTADO Jhon Darwin,15/01/1988,596.0,102.0,258.0,270.0,,COL
BMC,BOHLI Tom,17/01/1994,1405.0,21.0,706.0,84.0,Trainee as from 1/08,SUI
BMC,BOOKWALTER Brent,16/02/1984,461.0,143.0,78.0,596.0,,USA
BMC,BURGHARDT Marcus,30/06/1983,449.0,149.0,315.0,218.0,,GER
BMC,CARUSO Damiano,12/10/1987,69.0,610.0,209.0,320.0,,ITA
BMC,DE MARCHI Alessandro,19/05/1986,167.0,352.0,462.0,150.0,,ITA
BMC,DENNIS Rohan,28/05/1990,91.0,528.0,30.0,1005.0,,AUS
BMC,DILLIER Silvan,03/08/1990,103.0,492.0,160.0,381.0,,SUI
BMC,DRUCKER Jempy,03/09/1986,70.0,607.0,100.0,503.0,,LUX
BMC,EVANS Cadel,14/02/1977,18.0,1248.0,287.0,238.0,,AUS
BMC,FLAKEMORE Campbell,06/08/1992,904.0,54.0,836.0,64.0,,AUS
BMC,FRANKINY Kilian,26/01/1994,,,1514.0,18.0,Trainee as from 1/08,SUI
BMC,GERTS Floris,03/05/1992,1331.0,24.0,285.0,241.0,Trainee as from 1/08,NED
BMC,GILBERT Philippe,05/07/1982,8.0,1696.0,16.0,1301.0,,BEL
BMC,HERMANS Ben,08/06/1986,155.0,363.0,47.0,778.0,,BEL
BMC,KÜNG Stefan,16/11/1993,591.0,103.0,205.0,324.0,,SUI
BMC,LODEWYCK Klaas,24/03/1988,686.0,84.0,1160.0,33.0,,BEL
BMC,MOINARD Amaël,02/02/1982,344.0,200.0,298.0,230.0,,FRA
BMC,OSS Daniel,13/01/1987,377.0,181.0,214.0,315.0,,ITA
BMC,PHINNEY Taylor,27/06/1990,186.0,320.0,413.0,174.0,,USA
BMC,QUINZIATO Manuel,30/10/1979,411.0,164.0,360.0,197.0,,ITA
BMC,ROSSKOPF Joey,05/09/1989,476.0,136.0,694.0,86.0,,USA
BMC,SANCHEZ GONZALEZ Samuel,05/02/1978,77.0,589.0,186.0,343.0,,ESP
BMC,SCHÄR Michael,29/09/1986,435.0,155.0,527.0,126.0,,SUI
BMC,SENNI Manuel,11/03/1992,1088.0,38.0,736.0,77.0,,ITA
BMC,STETINA Peter,08/08/1987,366.0,187.0,941.0,50.0,,USA
BMC,TEUNS Dylan,01/03/1992,406.0,167.0,248.0,278.0,,BEL
BMC,VAN AVERMAET Greg,17/05/1985,15.0,1330.0,9.0,1685.0,,BEL
BMC,VAN GARDEREN Tejay,12/08/1988,20.0,1183.0,68.0,622.0,,USA
BMC,VELITS Peter,21/02/1985,165.0,352.0,2395.0,5.0,,SVK
BMC,VLIEGEN Loïc,20/12/1993,532.0,117.0,377.0,190.0,Contract from 28/06,BEL
BMC,WYSS Danilo,26/08/1985,622.0,97.0,313.0,220.0,,SUI
BMC,ZABEL Rick,07/12/1993,540.0,116.0,558.0,117.0,,GER
EQS,ALAPHILIPPE Julian,11/06/1992,160.0,358.0,44.0,826.0,,FRA
EQS,BOONEN Tom,15/10/1980,47.0,783.0,37.0,952.0,,BEL
EQS,BOUET Maxime,03/11/1986,358.0,193.0,425.0,167.0,,FRA
EQS,BRAMBILLA Gianluca,22/08/1987,359.0,193.0,195.0,333.0,,ITA
EQS,CAVENDISH Mark,21/05/1985,60.0,642.0,36.0,961.0,,GBR
EQS,CONTRERAS PINZON Rodrigo,02/06/1994,,,948.0,50.0,Trainee as from 1/08,COL
EQS,DE LA CRUZ MELGAREJO David,06/05/1989,466.0,141.0,531.0,125.0,,ESP
EQS,GAVIRIA RENDON Fernando,19/08/1994,2763.0,2.0,458.0,151.0,Trainee as from 1/08,COL
EQS,GOLAS Michal,29/04/1984,291.0,228.0,297.0,231.0,,POL
EQS,KEISSE Iljo,21/12/1982,514.0,123.0,328.0,212.0,,BEL
EQS,KWIATKOWSKI Michal,02/06/1990,5.0,1948.0,21.0,1133.0,,POL
EQS,LAMPAERT Yves,10/04/1991,171.0,347.0,52.0,724.0,,BEL
EQS,MAES Nikolas,09/04/1986,317.0,212.0,354.0,200.0,,BEL
EQS,MARTIN Tony,23/04/1985,17.0,1253.0,66.0,624.0,,GER
EQS,MEERSMAN Gianni,05/12/1985,42.0,850.0,250.0,276.0,,BEL
EQS,RENSHAW Mark,22/10/1982,236.0,264.0,701.0,84.0,,AUS
EQS,SABATINI Fabio,18/02/1985,1047.0,40.0,940.0,50.0,,ITA
EQS,SERRY Pieter,21/11/1988,233.0,266.0,296.0,232.0,,BEL
EQS,STYBAR Zdenek,11/12/1985,59.0,646.0,38.0,952.0,,CZE
EQS,TERPSTRA Niki,18/05/1984,19.0,1235.0,19.0,1171.0,,NED
EQS,TRENTIN Matteo,02/08/1989,157.0,362.0,71.0,612.0,,ITA
EQS,URAN URAN Rigoberto,26/01/1987,36.0,938.0,18.0,1174.0,,COL
EQS,VAKOC Petr,11/07/1992,221.0,283.0,199.0,330.0,,CZE
EQS,VAN KEIRSBULCK Guillaume,14/02/1991,126.0,419.0,543.0,122.0,,BEL
EQS,VANDENBERGH Stijn,25/04/1984,149.0,368.0,280.0,246.0,,BEL
EQS,VELITS Martin,21/02/1985,966.0,47.0,1103.0,37.0,,SVK
EQS,VERMOTE Julien,26/07/1989,261.0,245.0,409.0,175.0,,BEL
EQS,VERONA QUINTANILLA Carlos,04/11/1992,547.0,114.0,533.0,125.0,,ESP
EQS,WISNIOWSKI Lukasz,07/12/1991,609.0,99.0,749.0,75.0,,POL
FDJ,BONNET William,25/06/1982,793.0,67.0,1423.0,20.0,,FRA
FDJ,BOUCHER David,17/03/1980,873.0,57.0,1275.0,26.0,,BEL
FDJ,CHAVANEL Sébastien,21/03/1981,1203.0,30.0,1129.0,35.0,,FRA
FDJ,COURTEILLE Arnaud,13/03/1989,797.0,67.0,1244.0,28.0,,FRA
FDJ,DELAGE Mickaël,06/08/1985,493.0,128.0,753.0,74.0,,FRA
FDJ,DEMARE Arnaud,26/08/1991,11.0,1501.0,117.0,464.0,,FRA
FDJ,DOUBEY Fabien,21/10/1993,,,,,Trainee as from 1/08,FRA
FDJ,ELISSONDE Kenny,22/07/1991,543.0,115.0,339.0,205.0,,FRA
FDJ,FISCHER Murilo Antonio,16/06/1979,1118.0,35.0,1200.0,30.0,,BRA
FDJ,FOURNIER Marc,12/11/1994,,,2122.0,8.0,Trainee as from 1/08,FRA
FDJ,GENIEZ Alexandre,16/04/1988,262.0,245.0,112.0,466.0,,FRA
FDJ,GESBERT Elie,01/07/1995,,,1240.0,29.0,Trainee as from 1/08,FRA
FDJ,GESLIN Anthony,09/06/1980,886.0,55.0,1199.0,30.0,,FRA
FDJ,JEANNESSON Arnold,16/01/1986,243.0,260.0,1173.0,32.0,,FRA
FDJ,LADAGNOUS Matthieu,12/12/1984,459.0,145.0,321.0,216.0,,FRA
FDJ,LE BON Johan,03/10/1990,401.0,169.0,230.0,298.0,,FRA
FDJ,LE GAC Olivier,27/08/1993,921.0,53.0,1120.0,36.0,,FRA
FDJ,LECUISINIER Pierre-Henri,30/06/1993,1182.0,32.0,1109.0,37.0,,FRA
FDJ,MANZIN Lorrenzo,26/07/1994,1502.0,18.0,549.0,121.0,,FRA
FDJ,MORABITO Steve,30/01/1983,231.0,267.0,363.0,195.0,,SUI
FDJ,MOUREY Francis,08/12/1980,684.0,84.0,873.0,58.0,,FRA
FDJ,OFFREDO Yoann,12/11/1986,439.0,153.0,908.0,53.0,,FRA
FDJ,PICHON Laurent,19/07/1986,397.0,170.0,539.0,123.0,,FRA
FDJ,PINEAU Cédric,08/05/1985,574.0,107.0,992.0,45.0,,FRA
FDJ,PINOT Thibaut,29/05/1990,33.0,1023.0,10.0,1530.0,,FRA
FDJ,REZA Kévin,18/05/1988,260.0,246.0,498.0,137.0,,FRA
FDJ,ROUX Anthony,18/04/1987,212.0,289.0,284.0,242.0,,FRA
FDJ,ROY Jérémy,22/06/1983,234.0,265.0,744.0,75.0,,FRA
FDJ,SARREAU Marc,10/06/1993,1100.0,37.0,428.0,166.0,,FRA
FDJ,VAUGRENARD Benoît,05/01/1982,683.0,84.0,859.0,60.0,,FRA
FDJ,VEIKKANEN Jussi,29/03/1981,689.0,83.0,1033.0,42.0,,FIN
FDJ,VICHOT Arthur,26/11/1988,111.0,463.0,332.0,211.0,,FRA
IAM,AREGGER Marcel,26/08/1990,1131.0,35.0,1079.0,39.0,,SUI
IAM,BRÄNDLE Matthias,07/12/1989,182.0,325.0,266.0,263.0,,AUT
IAM,CHAVANEL Sylvain,30/06/1979,23.0,1150.0,126.0,444.0,,FRA
IAM,CHEVRIER Clément,29/06/1992,946.0,50.0,945.0,50.0,,FRA
IAM,CLEMENT Stef,24/09/1982,268.0,240.0,593.0,109.0,,NED
IAM,COPPEL Jérôme,06/08/1986,215.0,288.0,273.0,254.0,,FRA
IAM,DEGAND Thomas,13/05/1986,181.0,330.0,741.0,76.0,,BEL
IAM,DENIFL Stefan,20/09/1987,450.0,149.0,544.0,121.0,,AUT
IAM,DEVENYNS Dries,22/07/1983,429.0,158.0,426.0,166.0,,BEL
IAM,ELMIGER Martin,23/09/1978,322.0,208.0,192.0,334.0,,SUI
IAM,ENGER Sondre Holst,17/12/1993,527.0,118.0,695.0,86.0,,NOR
IAM,FRANK Mathias,09/12/1986,48.0,767.0,133.0,428.0,,SUI
IAM,FUMEAUX Jonathan,07/03/1988,586.0,104.0,961.0,48.0,,SUI
IAM,HAUSSLER Heinrich,25/02/1984,276.0,237.0,140.0,412.0,,AUS
IAM,HOLLENSTEIN Reto,22/08/1985,727.0,78.0,464.0,148.0,,SUI
IAM,KLUGE Roger,05/02/1986,828.0,63.0,591.0,110.0,,GER
IAM,LANG Pirmin,25/11/1984,1019.0,42.0,1900.0,10.0,,SUI
IAM,PANTANO GOMEZ Jarlinson,19/11/1988,333.0,205.0,227.0,300.0,,COL
IAM,PELLAUD Simon,06/11/1992,1566.0,16.0,1248.0,28.0,,SUI
IAM,PELUCCHI Matteo,21/01/1989,375.0,183.0,218.0,312.0,,ITA
IAM,PINEAU Jérôme,02/01/1980,580.0,105.0,1394.0,21.0,,FRA
IAM,REICHENBACH Sébastien,28/05/1989,179.0,335.0,292.0,235.0,,SUI
IAM,REYNES MIMO Vicente,30/07/1981,460.0,144.0,914.0,52.0,,ESP
IAM,SARAMOTINS Aleksejs,08/04/1982,453.0,148.0,487.0,141.0,,LAT
IAM,SCHELLING Patrick,01/05/1990,1399.0,21.0,1356.0,23.0,,SUI
IAM,TANNER David,30/09/1984,923.0,52.0,589.0,110.0,,AUS
IAM,VAN GENECHTEN Jonas,16/09/1986,97.0,521.0,331.0,212.0,,BEL
IAM,WARBASSE Larry,28/06/1990,723.0,79.0,481.0,143.0,,USA
IAM,WYSS Marcel,25/06/1986,383.0,177.0,563.0,115.0,,SUI
LAM,BONIFAZIO Niccolo,29/10/1993,104.0,484.0,84.0,561.0,,ITA
LAM,BONO Matteo,11/11/1983,940.0,50.0,746.0,75.0,,ITA
LAM,CATTANEO Mattia,25/10/1990,782.0,70.0,1538.0,17.0,,ITA
LAM,CIMOLAI Davide,13/08/1989,379.0,180.0,146.0,410.0,,ITA
LAM,CONTI Valerio,30/03/1993,239.0,262.0,478.0,144.0,,ITA
LAM,COSTA Mario Jorge Faria,15/11/1985,2013.0,8.0,1433.0,20.0,,POR
LAM,COSTA Rui Alberto Faria,05/10/1986,14.0,1367.0,23.0,1108.0,,POR
LAM,DURASEK Kristijan,26/07/1987,288.0,229.0,210.0,319.0,,CRO
LAM,FENG Chun Kai,02/11/1988,1065.0,39.0,1328.0,24.0,,TPE
LAM,FERRARI Roberto,09/03/1983,270.0,240.0,517.0,130.0,,ITA
LAM,GANNA Filippo,25/07/1996,,,1680.0,15.0,Trainee as from 1/08,ITA
LAM,GRMAY Tsgabu Gebremaryam,25/08/1991,783.0,70.0,352.0,201.0,,ETH
LAM,KOSHEVOY Ilia,20/03/1991,1235.0,29.0,400.0,178.0,,BLR
LAM,MODOLO Sacha,19/06/1987,94.0,523.0,53.0,718.0,,ITA
LAM,MORI Manuele,09/08/1980,351.0,195.0,493.0,138.0,,ITA
LAM,NIEMIEC Przemyslaw,11/04/1980,118.0,438.0,433.0,164.0,,POL
LAM,OLIVEIRA Nelson Filipe Santos Simoes,06/03/1989,275.0,238.0,136.0,422.0,,POR
LAM,PACIONI Luca,13/08/1993,,,1740.0,14.0,Trainee as from 1/08,ITA
LAM,PIBERNIK Luka,23/10/1993,839.0,62.0,427.0,166.0,,SLO
LAM,PLAZA MOLINA Ruben,29/02/1980,639.0,94.0,193.0,334.0,,ESP
LAM,POLANC Jan,06/05/1992,458.0,146.0,234.0,296.0,,SLO
LAM,POZZATO Filippo,10/09/1981,264.0,241.0,437.0,162.0,,ITA
LAM,RAVASI Edward,05/06/1994,1834.0,11.0,843.0,63.0,Trainee as from 1/08,ITA
LAM,RICHEZE ARAQUISTAIN Maximiliano Ariel,07/03/1983,745.0,74.0,674.0,89.0,,ARG
LAM,SERPA PEREZ Jose Rodolfo,17/04/1979,327.0,207.0,579.0,111.0,,COL
LAM,ULISSI Diego,15/07/1989,53.0,691.0,50.0,739.0,,ITA
LAM,VALLS FERRI Rafael,25/06/1987,477.0,135.0,115.0,465.0,,ESP
LAM,XU Gang,28/01/1984,1295.0,25.0,2399.0,5.0,,CHN
LTS,ARMEE Sander,10/12/1985,717.0,79.0,931.0,51.0,,BEL
LTS,BAK Lars Ytting,16/01/1980,302.0,219.0,176.0,352.0,,DEN
LTS,BENOOT Tiesj,11/03/1994,315.0,214.0,41.0,872.0,,BEL
LTS,BOECKMANS Kris,13/02/1987,489.0,129.0,59.0,674.0,,BEL
LTS,BREEN Vegard,08/02/1990,510.0,124.0,1148.0,34.0,,NOR
LTS,BROECKX Stig,10/05/1990,704.0,81.0,796.0,69.0,,BEL
LTS,DE BIE Sean,03/10/1991,659.0,89.0,113.0,466.0,,BEL
LTS,DE BUYST Jasper,24/11/1993,423.0,161.0,750.0,75.0,,BEL
LTS,DE CLERCQ Bart,26/08/1986,654.0,90.0,137.0,418.0,,BEL
LTS,DE GENDT Thomas,06/11/1986,900.0,54.0,460.0,150.0,,BEL
LTS,DEBUSSCHERE Jens,28/08/1989,61.0,642.0,45.0,821.0,,BEL
LTS,DEHAES Kenny,10/11/1984,307.0,217.0,562.0,115.0,,BEL
LTS,DOCKX Gert,04/07/1988,1063.0,39.0,1614.0,15.0,,BEL
LTS,FRISON Frederik,28/07/1992,2365.0,5.0,1731.0,14.0,Trainee as from 1/08,BEL
LTS,GALLOPIN Tony,24/05/1988,34.0,1015.0,29.0,1063.0,,FRA
LTS,GREIPEL André,16/07/1982,26.0,1110.0,12.0,1419.0,,GER
LTS,HANSEN Adam,11/05/1981,174.0,340.0,434.0,164.0,,AUS
LTS,HENDERSON Gregory,10/09/1976,340.0,202.0,818.0,65.0,,NZL
LTS,LIGTHART Pim,16/06/1988,338.0,204.0,232.0,297.0,,NED
LTS,MONFORT Maxime,14/01/1983,224.0,275.0,201.0,326.0,,BEL
LTS,ROELANDTS Jürgen,02/07/1985,151.0,365.0,56.0,703.0,,BEL
LTS,SIEBERG Marcel,30/04/1982,485.0,131.0,541.0,122.0,,GER
LTS,VALLEE Boris,03/06/1993,906.0,54.0,249.0,277.0,,BEL
LTS,VAN DEN BROECK Jurgen,01/02/1983,152.0,364.0,165.0,366.0,,BEL
LTS,VAN DER SANDE Tosh,28/11/1990,419.0,162.0,314.0,219.0,,BEL
LTS,VAN GESTEL Dries,30/09/1994,1741.0,13.0,810.0,67.0,Trainee as from 1/08,BEL
LTS,VAN ROOY Kenneth,08/10/1993,1735.0,13.0,869.0,59.0,Trainee as from 1/08,BEL
LTS,VANENDERT Dennis,27/06/1988,795.0,67.0,639.0,98.0,,BEL
LTS,VANENDERT Jelle,19/02/1985,87.0,534.0,619.0,102.0,,BEL
LTS,VERVAEKE Louis,06/10/1993,545.0,115.0,1215.0,30.0,,BEL
LTS,WELLENS Tim,10/05/1991,49.0,748.0,48.0,774.0,,BEL
MOV,AMADOR BIKKAZAKOVA Andrey,29/08/1986,242.0,260.0,147.0,407.0,,CRC
MOV,ANACONA GOMEZ Winner Andrew,11/08/1988,198.0,308.0,368.0,194.0,,COL
MOV,ANTON HERNANDEZ Igor,02/03/1983,448.0,149.0,272.0,255.0,,ESP
MOV,CAPECCHI Eros,13/06/1986,409.0,165.0,1131.0,35.0,,ITA
MOV,CASTROVIEJO NICOLAS Jonathan,27/04/1987,352.0,195.0,102.0,501.0,,ESP
MOV,DOWSETT Alex,03/10/1988,292.0,228.0,208.0,321.0,,GBR
MOV,ERVITI OLLO Imanol,15/11/1983,362.0,189.0,788.0,70.0,,ESP
MOV,FERNANDEZ ANDUJAR Ruben,01/03/1991,416.0,163.0,231.0,298.0,,ESP
MOV,GADRET John,22/04/1979,398.0,169.0,763.0,73.0,,FRA
MOV,HERRADA LOPEZ Jesus,26/07/1990,131.0,409.0,118.0,459.0,,ESP
MOV,HERRADA LOPEZ Jose,01/10/1985,374.0,183.0,396.0,180.0,,ESP
MOV,INTXAUSTI ELORRIAGA Beñat,20/03/1986,133.0,401.0,83.0,570.0,,ESP
MOV,IZAGIRRE INSAUSTI Gorka,07/10/1987,213.0,289.0,185.0,345.0,,ESP
MOV,IZAGIRRE INSAUSTI Ion,04/02/1989,52.0,707.0,51.0,739.0,,ESP
MOV,LASTRAS GARCIA Pablo,20/01/1976,663.0,87.0,2391.0,5.0,,ESP
MOV,LOBATO DEL VALLE Juan Jose,30/12/1988,79.0,579.0,87.0,540.0,,ESP
MOV,MALORI Adriano,28/01/1988,115.0,453.0,62.0,656.0,,ITA
MOV,MORENO BAZAN Javier,18/07/1984,229.0,271.0,337.0,206.0,,ESP
MOV,QUINTANA ROJAS Dayer Uberney,10/08/1992,424.0,161.0,1031.0,43.0,,COL
MOV,QUINTANA ROJAS Nairo Alexander,04/02/1990,10.0,1551.0,8.0,1750.0,,COL
MOV,ROJAS GIL Jose Joaquin,08/06/1985,114.0,457.0,127.0,444.0,,ESP
MOV,SANZ UNZUE Enrique,11/09/1989,744.0,75.0,769.0,73.0,,ESP
MOV,SOLER GIMENEZ Marc,22/11/1993,,,587.0,111.0,,ESP
MOV,SUTHERLAND Rory,08/02/1982,381.0,178.0,1294.0,25.0,,AUS
MOV,SÜTTERLIN Jasha,04/11/1992,506.0,126.0,476.0,144.0,,GER
MOV,VALVERDE BELMONTE Alejandro,25/04/1980,1.0,3152.0,1.0,2976.0,,ESP
MOV,VENTOSO ALBERDI Francisco Jose,06/05/1982,250.0,252.0,1046.0,41.0,,ESP
MOV,VISCONTI Giovanni,13/01/1983,228.0,272.0,104.0,497.0,,ITA
OGE,ALBASINI Michael,20/12/1980,54.0,680.0,170.0,357.0,,SUI
OGE,BEWLEY Sam,22/07/1987,1210.0,30.0,713.0,82.0,,NZL
OGE,BLYTHE Adam,01/10/1989,441.0,153.0,529.0,126.0,,GBR
OGE,CHAVES RUBIO Jhoan Esteban,17/01/1990,109.0,476.0,40.0,916.0,,COL
OGE,CLARKE Simon,18/07/1986,190.0,312.0,260.0,267.0,,AUS
OGE,CORT NIELSEN Magnus,16/01/1993,172.0,345.0,353.0,201.0,,DEN
OGE,DOCKER Mitchell,02/10/1986,826.0,63.0,1132.0,35.0,,AUS
OGE,DURBRIDGE Luke,09/04/1991,196.0,309.0,269.0,260.0,,AUS
OGE,EWAN Caleb,11/07/1994,636.0,95.0,54.0,716.0,,AUS
OGE,GERRANS Simon,16/05/1980,7.0,1736.0,281.0,244.0,,AUS
OGE,HAYMAN Mathew,20/04/1978,964.0,47.0,560.0,116.0,,AUS
OGE,HEPBURN Michael,17/08/1991,404.0,168.0,501.0,136.0,,AUS
OGE,HOWARD Leigh,18/10/1989,463.0,142.0,765.0,73.0,,AUS
OGE,HOWSON Damien,13/08/1992,770.0,71.0,610.0,105.0,,AUS
OGE,IMPEY Daryl,06/12/1984,66.0,625.0,103.0,499.0,,RSA
OGE,KEUKELEIRE Jens,23/11/1988,199.0,307.0,276.0,250.0,,BEL
OGE,LANCASTER Brett,15/11/1979,808.0,65.0,1295.0,25.0,,AUS
OGE,MATTHEWS Michael,26/09/1990,35.0,980.0,17.0,1226.0,,AUS
OGE,MEIER Christian,21/02/1985,640.0,94.0,662.0,92.0,,CAN
OGE,MEYER Cameron,11/01/1988,400.0,169.0,300.0,229.0,,AUS
OGE,MOURIS Jens,12/03/1980,967.0,47.0,905.0,53.0,,NED
OGE,SANTAROMITA Ivan,30/04/1984,425.0,160.0,451.0,157.0,,ITA
OGE,TUFT Svein,09/05/1977,184.0,321.0,826.0,64.0,,CAN
OGE,WEENING Pieter,05/04/1981,285.0,230.0,420.0,169.0,,NED
OGE,YATES Adam,07/08/1992,57.0,662.0,77.0,599.0,,GBR
OGE,YATES Simon,07/08/1992,329.0,207.0,86.0,543.0,,GBR
TCG,ACEVEDO CALLE Janier Alexis,06/12/1985,382.0,178.0,782.0,71.0,,COL
TCG,BAUER Jack,07/04/1985,339.0,204.0,468.0,145.0,,NZL
TCG,BETTIOL Alberto,29/10/1993,1463.0,19.0,657.0,93.0,,ITA
TCG,BOVENHUIS Jasper,27/07/1991,1879.0,10.0,1106.0,37.0,Trainee as from 1/08,NED
TCG,BROWN Nathan,07/07/1991,1016.0,43.0,832.0,64.0,,USA
TCG,CARDOSO Andre Fernando Santos Martins,03/09/1984,188.0,316.0,380.0,189.0,,POR
TCG,DANIELSON Tom,13/03/1978,169.0,349.0,588.0,110.0,,USA
TCG,DOMBROWSKI Joseph Lloyd,12/05/1991,1890.0,10.0,149.0,399.0,,USA
TCG,FORMOLO Davide,25/10/1992,76.0,593.0,175.0,353.0,,ITA
TCG,HAAS Nathan,12/03/1989,95.0,523.0,349.0,202.0,,AUS
TCG,HANSEN Lasse Norman,11/02/1992,652.0,91.0,485.0,142.0,,DEN
TCG,HESJEDAL Ryder,09/12/1980,89.0,528.0,106.0,484.0,,CAN
TCG,HOWES Alex,01/01/1988,324.0,208.0,496.0,138.0,,USA
TCG,KING Benjamin,22/03/1989,518.0,121.0,497.0,138.0,,USA
TCG,KING Edward,31/01/1983,1299.0,25.0,1700.0,14.0,,USA
TCG,KOREN Kristjan,25/11/1986,144.0,374.0,731.0,78.0,,SLO
TCG,LANGEVELD Sebastian,17/01/1985,99.0,517.0,612.0,104.0,,NED
TCG,MARANGONI Alan,16/07/1984,561.0,109.0,609.0,105.0,,ITA
TCG,MARTIN Daniel,20/08/1986,30.0,1076.0,90.0,526.0,,IRL
TCG,MOHORIC Matej,19/10/1994,899.0,55.0,646.0,97.0,,SLO
TCG,MOSER Moreno,25/12/1990,670.0,87.0,259.0,269.0,,ITA
TCG,MULLEN Ryan,07/08/1994,529.0,118.0,1015.0,44.0,Trainee as from 1/08,IRL
TCG,NAVARDAUSKAS Ramunas,30/01/1988,46.0,806.0,60.0,666.0,,LTU
TCG,SKJERPING Kristoffer,04/05/1993,572.0,108.0,1286.0,26.0,,NOR
TCG,SLAGTER Tom-Jelte,01/07/1989,68.0,612.0,107.0,480.0,,NED
TCG,TALANSKY Andrew,23/11/1988,88.0,534.0,198.0,330.0,,USA
TCG,VAN BAARLE Dylan,21/05/1992,143.0,379.0,190.0,337.0,,NED
TCG,VILLELLA Davide,27/06/1991,207.0,296.0,540.0,123.0,,ITA
TCG,ZEPUNTKE Ruben,29/01/1993,567.0,109.0,888.0,56.0,,GER
TGA,ARNDT Nikias,18/11/1991,313.0,215.0,196.0,332.0,,GER
TGA,BARGUIL Warren,28/10/1991,84.0,546.0,128.0,443.0,,FRA
TGA,CRADDOCK Lawson,20/02/1992,480.0,134.0,621.0,102.0,,USA
TGA,CURVERS Roy,27/12/1979,854.0,60.0,361.0,197.0,,NED
TGA,DE BACKER Bert,02/04/1984,541.0,115.0,581.0,111.0,,BEL
TGA,DE KORT Koen,08/09/1982,660.0,88.0,787.0,70.0,,NED
TGA,DEGENKOLB John,07/01/1989,6.0,1902.0,13.0,1412.0,,GER
TGA,DUMOULIN Tom,11/11/1990,13.0,1408.0,15.0,1357.0,,NED
TGA,FAIRLY Caleb,19/02/1987,991.0,45.0,1145.0,34.0,,USA
TGA,FRÖHLINGER Johannes,09/06/1985,941.0,50.0,1035.0,42.0,,GER
TGA,GESCHKE Simon,13/03/1986,93.0,526.0,200.0,328.0,,GER
TGA,HAGA Chad,26/08/1988,798.0,67.0,672.0,90.0,,USA
TGA,HUPOND Thierry,10/11/1984,812.0,65.0,1202.0,30.0,,FRA
TGA,JI Cheng,15/07/1987,1300.0,25.0,1430.0,20.0,,CHN
TGA,JONES Carter,27/02/1989,394.0,172.0,1150.0,34.0,,USA
TGA,KITTEL Marcel,11/05/1988,31.0,1051.0,435.0,164.0,,GER
TGA,LUDVIGSSON Fredrik,28/04/1994,1055.0,40.0,1548.0,17.0,,SWE
TGA,LUDVIGSSON Tobias,22/02/1991,257.0,248.0,601.0,107.0,,SWE
TGA,MEZGEC Luka,27/06/1988,71.0,606.0,440.0,161.0,,SLO
TGA,OLIVIER Daan,24/11/1992,475.0,138.0,2460.0,5.0,Contract until 30/06,NED
TGA,PREIDLER Georg,17/06/1990,420.0,162.0,356.0,199.0,,AUT
TGA,SINKELDAM Ramon,09/02/1989,153.0,364.0,151.0,395.0,,NED
TGA,STAMSNIJDER Tom,15/05/1985,1046.0,40.0,1056.0,40.0,,NED
TGA,TIMMER Albert,13/06/1985,415.0,163.0,990.0,45.0,,NED
TGA,VAN DER HAAR Lars,23/07/1991,1901.0,10.0,1251.0,28.0,,NED
TGA,VEELERS Tom,14/09/1984,405.0,167.0,1605.0,15.0,,NED
TGA,WAEYTENS Zico,29/09/1991,297.0,225.0,388.0,184.0,,BEL
TGA,WALSCHEID Maximilian,13/06/1993,1495.0,18.0,623.0,101.0,Trainee as from 1/08,GER
KAT,BELKOV Maxim,09/01/1985,1058.0,39.0,764.0,73.0,,RUS
KAT,BYSTRØM Sven Erik,21/01/1992,355.0,195.0,503.0,135.0,,NOR
KAT,CARUSO Giampaolo,15/08/1980,106.0,481.0,374.0,190.0,,ITA
KAT,CHERNETSKIY Sergey,09/04/1990,123.0,427.0,443.0,160.0,,RUS
KAT,GUARNIERI Jacopo,14/08/1987,535.0,116.0,669.0,90.0,,ITA
KAT,HALLER Marco,01/04/1991,565.0,109.0,191.0,336.0,,AUT
KAT,ISAYCHEV Vladimir,21/04/1986,865.0,58.0,738.0,76.0,,RUS
KAT,KOCHETKOV Pavel,07/03/1986,585.0,104.0,467.0,147.0,,RUS
KAT,KOLOBNEV Alexandr,04/05/1981,240.0,261.0,1293.0,25.0,,RUS
KAT,KOZONTCHUK Dmitriy,05/04/1984,889.0,55.0,1422.0,20.0,,RUS
KAT,KRISTOFF Alexander,05/07/1987,4.0,1964.0,2.0,2737.0,,NOR
KAT,KUZNETSOV Vyacheslav,24/06/1989,440.0,153.0,282.0,244.0,,RUS
KAT,LAGUTIN Sergey,14/01/1981,124.0,421.0,225.0,303.0,,RUS
KAT,LOSADA ALGUACIL Alberto,28/02/1982,534.0,116.0,453.0,156.0,,ESP
KAT,MACHADO Tiago Jose Pinto,18/10/1985,56.0,673.0,94.0,511.0,,POR
KAT,MORENO FERNANDEZ Daniel,05/09/1981,43.0,843.0,24.0,1097.0,,ESP
KAT,PAOLINI Luca,17/01/1977,630.0,95.0,252.0,273.0,,ITA
KAT,POLITT Nils,06/03/1994,1041.0,41.0,679.0,88.0,Trainee as from 1/08,GER
KAT,PORSEV Alexander,21/02/1986,195.0,309.0,519.0,129.0,,RUS
KAT,RESTREPO VALENCIA Jhonatan,28/11/1994,,,2388.0,6.0,Trainee as from 1/08,COL
KAT,RODRIGUEZ OLIVER Joaquim,12/05/1979,24.0,1150.0,7.0,1750.0,,ESP
KAT,SELIG Rüdiger,19/02/1989,1175.0,32.0,821.0,65.0,,GER
KAT,SILIN Egor,25/06/1988,371.0,185.0,347.0,202.0,,RUS
KAT,SMUKULIS Gatis,15/04/1987,611.0,98.0,668.0,90.0,,LAT
KAT,SPILAK Simon,23/06/1986,80.0,576.0,42.0,831.0,,SLO
KAT,TROFIMOV Yury,26/01/1984,117.0,440.0,167.0,364.0,,RUS
KAT,TSATEVICH Alexei,05/07/1989,341.0,202.0,189.0,339.0,,RUS
KAT,VICIOSO ARCOS Angel,13/04/1977,983.0,45.0,346.0,202.0,,ESP
KAT,VORGANOV Eduard,07/12/1982,551.0,112.0,486.0,141.0,,RUS
KAT,VOROBYEV Anton,12/10/1990,571.0,108.0,475.0,144.0,,RUS
KAT,ZAKARIN Ilnur,15/09/1989,107.0,478.0,49.0,767.0,,RUS
TLJ,BENNETT George,07/04/1990,462.0,143.0,412.0,174.0,,NZL
TLJ,BOUWMAN Koen,02/12/1993,1329.0,24.0,1346.0,24.0,Trainee as from 1/08,NED
TLJ,BULGAC Brian,07/04/1988,779.0,70.0,2438.0,5.0,,NED
TLJ,CASTELIJNS Twan,23/01/1989,1786.0,12.0,935.0,51.0,Trainee as from 1/08,NED
TLJ,DE WEERT Kevin,27/05/1982,1290.0,25.0,1882.0,10.0,Contract until 31/05,BEL
TLJ,FLENS Rick,11/04/1983,855.0,60.0,648.0,96.0,,NED
TLJ,GESINK Robert,31/05/1986,225.0,274.0,63.0,643.0,,NED
TLJ,GOOS Marc,30/11/1990,1067.0,39.0,,,,NED
TLJ,HOFLAND Moreno,31/08/1991,142.0,382.0,242.0,285.0,,NED
TLJ,KEIZER Martijn,25/03/1988,594.0,102.0,318.0,217.0,,NED
TLJ,KELDERMAN Wilco,25/03/1991,41.0,876.0,69.0,620.0,,NED
TLJ,KRUIJSWIJK Steven,07/06/1987,145.0,374.0,72.0,610.0,,NED
TLJ,LAMMERTINK Steven,04/12/1993,1372.0,22.0,986.0,46.0,Trainee as from 1/08,NED
TLJ,LEEZER Tom,26/12/1985,665.0,87.0,719.0,80.0,,NED
TLJ,LINDEMAN Bert-Jan,16/06/1989,168.0,350.0,382.0,187.0,,NED
TLJ,MARKUS Barry,17/07/1991,564.0,109.0,556.0,118.0,,NED
TLJ,MARTENS Paul,26/10/1983,194.0,309.0,416.0,173.0,,GER
TLJ,ROOSEN Timo,11/01/1993,999.0,45.0,603.0,107.0,,NED
TLJ,TANKINK Bram,03/12/1978,294.0,226.0,633.0,99.0,,NED
TLJ,TEN DAM Laurens,13/11/1980,170.0,348.0,819.0,65.0,,NED
TLJ,TEUNISSEN Mike,25/08/1992,367.0,187.0,267.0,261.0,,NED
TLJ,TJALLINGII Maarten,05/11/1977,751.0,73.0,634.0,99.0,,NED
TLJ,VAN ASBROECK Tom,19/04/1990,29.0,1086.0,171.0,357.0,,BEL
TLJ,VAN DER LIJKE Nick,23/09/1991,479.0,134.0,636.0,99.0,,NED
TLJ,VAN EMDEN Jos,18/02/1985,299.0,223.0,307.0,225.0,,NED
TLJ,VAN WINDEN Dennis,02/12/1987,1848.0,10.0,1089.0,38.0,Contract from 6/05,NED
TLJ,VANMARCKE Sep,28/07/1988,39.0,887.0,76.0,600.0,,BEL
TLJ,WAGNER Robert,17/04/1983,811.0,65.0,1892.0,10.0,,GER
TLJ,WYNANTS Maarten,13/05/1982,556.0,110.0,860.0,60.0,,BEL
SKY,BOSWELL Ian,07/02/1991,944.0,50.0,373.0,191.0,,USA
SKY,DEIGNAN Philip,07/09/1983,263.0,244.0,624.0,100.0,,IRL
SKY,EARLE Nathan,04/06/1988,796.0,67.0,1114.0,36.0,,AUS
SKY,EISEL Bernhard,17/02/1981,388.0,174.0,936.0,50.0,,AUT
SKY,FENN Andrew,01/07/1990,427.0,159.0,1027.0,43.0,,GBR
SKY,FROOME Chris,20/05/1985,12.0,1437.0,4.0,1973.0,,GBR
SKY,GEOGHEGAN HART Tao,30/03/1995,1101.0,37.0,452.0,157.0,Trainee as from 1/08,GBR
SKY,HENAO GOMEZ Sebastian,05/08/1993,629.0,96.0,277.0,249.0,,COL
SKY,HENAO MONTOYA Sergio Luis,10/12/1987,646.0,92.0,39.0,916.0,,COL
SKY,KENNAUGH Peter,15/06/1989,72.0,600.0,213.0,316.0,,GBR
SKY,KIRYIENKA Vasil,28/06/1981,146.0,372.0,80.0,589.0,,BLR
SKY,KNEES Christian,05/03/1981,733.0,76.0,473.0,144.0,,GER
SKY,KÖNIG Leopold,15/11/1987,101.0,497.0,73.0,602.0,,CZE
SKY,LOPEZ GARCIA David,13/05/1981,426.0,159.0,379.0,189.0,,ESP
SKY,NIEVE ITURRALDE Mikel,26/05/1984,90.0,528.0,74.0,601.0,,ESP
SKY,NORDHAUG Lars Petter,14/05/1984,223.0,276.0,203.0,324.0,,NOR
SKY,PATE Danny,24/03/1979,939.0,50.0,1087.0,38.0,,USA
SKY,PETERS Alex,31/03/1994,1344.0,23.0,751.0,75.0,Trainee as from 1/08,GBR
SKY,POELS Wout,01/10/1987,164.0,353.0,64.0,637.0,,NED
SKY,PORTE Richie,30/01/1985,128.0,415.0,14.0,1359.0,,AUS
SKY,PUCCIO Salvatore,31/08/1989,331.0,206.0,414.0,174.0,,ITA
SKY,ROCHE Nicolas,03/07/1984,121.0,435.0,217.0,312.0,,IRL
SKY,ROWE Luke,10/03/1990,500.0,127.0,178.0,349.0,,GBR
SKY,SIUTSOU Kanstantsin,09/08/1982,376.0,182.0,264.0,263.0,,BLR
SKY,STANNARD Ian,25/05/1987,252.0,250.0,159.0,383.0,,GBR
SKY,SUTTON Christopher,10/09/1984,625.0,96.0,1424.0,20.0,,AUS
SKY,SWIFT Ben,05/11/1987,50.0,745.0,155.0,389.0,,GBR
SKY,THOMAS Geraint,25/05/1986,37.0,914.0,27.0,1065.0,,GBR
SKY,VIVIANI Elia,07/02/1989,83.0,547.0,65.0,625.0,,ITA
SKY,WIGGINS Bradley,28/04/1980,45.0,814.0,421.0,168.0,Contract until 30/04,GBR
SKY,ZANDIO ECHAIDE Xabier,17/03/1977,1411.0,20.0,1419.0,20.0,,ESP
TCS,BASSO Ivan,26/11/1977,492.0,128.0,972.0,47.0,,ITA
TCS,BELTRAN SUAREZ Edward Alexander,18/01/1990,687.0,84.0,834.0,64.0,,COL
TCS,BENNATI Daniele,24/09/1980,235.0,264.0,351.0,201.0,,ITA
TCS,BOARO Manuele,12/03/1987,230.0,270.0,174.0,353.0,,ITA
TCS,BODNAR Maciej,07/03/1985,328.0,207.0,211.0,318.0,,POL
TCS,BRESCHEL Matti,31/08/1984,73.0,596.0,122.0,452.0,,DEN
TCS,BRUTT Pavel,29/01/1982,464.0,141.0,483.0,142.0,,RUS
TCS,CONTADOR VELASCO Alberto,06/12/1982,2.0,2543.0,5.0,1778.0,,ESP
TCS,GOGL Michael,04/11/1993,1733.0,13.0,878.0,58.0,Trainee as from 1/08,AUT
TCS,GROSSSCHARTNER Felix,23/12/1993,1373.0,22.0,652.0,94.0,Trainee as from 1/08,AUT
TCS,HANSEN Jesper,23/10/1990,483.0,132.0,216.0,314.0,,DEN
TCS,HERNANDEZ BLAZQUEZ Jesus,28/09/1981,759.0,72.0,1607.0,15.0,,ESP
TCS,JUUL JENSEN Christopher,06/07/1989,180.0,331.0,163.0,371.0,,DEN
TCS,KISERLOVSKI Robert,09/08/1986,138.0,387.0,329.0,212.0,,CRO
TCS,KOLAR Michael,21/12/1992,897.0,55.0,677.0,89.0,,SVK
TCS,KREUZIGER Roman,06/05/1986,74.0,596.0,85.0,552.0,,CZE
TCS,MAJKA Rafal,12/09/1989,21.0,1168.0,33.0,968.0,,POL
TCS,MCCARTHY Jay,08/09/1992,623.0,97.0,357.0,199.0,,AUS
TCS,MØRKØV CHRISTENSEN Michael,30/04/1985,192.0,310.0,590.0,110.0,,DEN
TCS,PAULINHO Sergio Miguel Moreira,26/03/1980,911.0,53.0,1055.0,40.0,,POR
TCS,PETROV Evgeni,25/05/1978,653.0,90.0,1128.0,35.0,,RUS
TCS,PIRES Bruno Manuel Silva,15/05/1981,792.0,67.0,779.0,71.0,,POR
TCS,POLJANSKI Pawel,06/05/1990,743.0,75.0,524.0,128.0,,POL
TCS,ROGERS Michael,20/12/1979,102.0,496.0,283.0,243.0,,AUS
TCS,ROVNY Ivan,30/09/1987,746.0,74.0,991.0,45.0,,RUS
TCS,SAGAN Juraj,23/12/1988,1589.0,15.0,1113.0,36.0,,SVK
TCS,SAGAN Peter,26/01/1990,9.0,1606.0,3.0,2231.0,,SVK
TCS,SØRENSEN Chris Anker,05/09/1984,557.0,110.0,235.0,295.0,,DEN
TCS,TOLHOEK Antwan,29/04/1994,,,1006.0,45.0,Trainee as from 1/08,NED
TCS,TOSATTO Matteo,14/05/1974,852.0,60.0,817.0,65.0,,ITA
TCS,TRUSOV Nikolai,02/07/1985,645.0,92.0,726.0,79.0,,RUS
TCS,VALGREN ANDERSEN Michael,07/02/1992,81.0,563.0,480.0,143.0,,DEN
TCS,ZAUGG Oliver,09/05/1981,280.0,232.0,1418.0,20.0,,SUI
TFR,ALAFACI Eugenio,09/08/1990,1215.0,30.0,1136.0,35.0,,ITA
TFR,ARREDONDO MORENO Julian David,30/07/1988,55.0,675.0,325.0,213.0,,COL
TFR,BASSO Leonardo,25/10/1993,,,785.0,71.0,Trainee as from 1/08,ITA
TFR,BEPPU Fumiyuki,10/04/1983,809.0,65.0,1057.0,40.0,,JPN
TFR,BERNARD Julien,17/03/1992,,,559.0,117.0,Trainee as from 1/08,FRA
TFR,BUSCHE Matthew,09/05/1985,332.0,206.0,617.0,103.0,,USA
TFR,CANCELLARA Fabian,18/03/1981,32.0,1049.0,124.0,449.0,,SUI
TFR,COLEDAN Marco,22/08/1988,1600.0,15.0,868.0,59.0,,ITA
TFR,DEVOLDER Stijn,29/08/1979,496.0,127.0,253.0,273.0,,BEL
TFR,DIDIER Laurent,19/07/1984,569.0,108.0,854.0,61.0,,LUX
TFR,FELLINE Fabio,29/03/1990,342.0,202.0,35.0,965.0,,ITA
TFR,IRIZAR ARANBURU Markel,05/02/1980,715.0,79.0,712.0,82.0,,ESP
TFR,JUNGELS Bob,22/09/1992,272.0,240.0,89.0,528.0,,LUX
TFR,MCCONNELL Daniel,09/08/1985,,,1897.0,10.0,,AUS
TFR,MOLLEMA Bauke,26/11/1986,27.0,1104.0,22.0,1128.0,,NED
TFR,NIZZOLO Giacomo,30/01/1989,63.0,637.0,43.0,826.0,,ITA
TFR,POPOVYCH Yaroslav,04/01/1980,757.0,72.0,1127.0,35.0,,UKR
TFR,RAST Gregory,17/01/1980,598.0,101.0,595.0,108.0,,SUI
TFR,REKITA Szymon,05/01/1994,2643.0,3.0,947.0,50.0,Trainee as from 1/09,POL
TFR,ROULSTON Hayden,10/01/1981,887.0,55.0,988.0,45.0,,NZL
TFR,SCHLECK Fränk,15/04/1980,112.0,461.0,219.0,310.0,,LUX
TFR,SERGENT Jesse,08/07/1988,274.0,238.0,572.0,113.0,,NZL
TFR,SILVESTRE Fabio Andre Tomas,25/01/1990,1878.0,10.0,708.0,83.0,,POR
TFR,STEEGMANS Gert,30/09/1980,295.0,225.0,2392.0,5.0,,BEL
TFR,STUYVEN Jasper,17/04/1992,430.0,158.0,444.0,160.0,,BEL
TFR,VAN POPPEL Boy,18/01/1988,578.0,106.0,915.0,52.0,,NED
TFR,VAN POPPEL Danny,26/07/1993,116.0,448.0,58.0,695.0,,NED
TFR,VANDEWALLE Kristof,05/04/1985,347.0,199.0,1036.0,42.0,,BEL
TFR,WATSON Calvin,06/01/1993,1325.0,24.0,1309.0,25.0,,AUS
TFR,ZOIDL Riccardo,08/04/1988,141.0,382.0,376.0,190.0,,AUT
TFR,ZUBELDIA AGIRRE Haimar,01/04/1977,173.0,342.0,319.0,216.0,,ESP
